x,2021/5/21,arc001d,考察,ベクトルの関係



o,2021/5/18,abc001a,代入、単純な四則演算処理
o,2021/5/18,abc001b,条件分岐（if 文など）
o,2021/5/18,abc001c,条件分岐（if 文など）,繰り返し処理（for 文など）
o,2021/5/18,abc001d,累積和
o,2021/5/18,abc002a,条件分岐（if 文など）
o,2021/5/18,abc002b,文字列（string）
o,2021/5/18,abc002c,三角形面積
o,2021/5/18,abc002d,ビット全探索
o,2021/5/18,abc003a,繰り返し処理（for 文など）
o,2021/5/18,abc003b,文字列（string）
o,2021/5/18,abc003c,数学的考察
x,2021/5/18,abc003d,べき乗を高速に計算するアルゴリズム,逆元を計算するアルゴリズム,包除原理
o,2021/5/18,abc004a,代入、単純な四則演算処理
o,2021/5/18,abc004b,繰り返し処理（for 文など）
o,2021/5/18,abc004c,数学的考察
o,2021/5/18,abc004d,工夫して探索の通り数を減らす「全探索」
o,2021/5/18,arc001a,文字列（string）,配列（二次元配列も含む）
o,2021/5/18,arc001b,幅優先探索（BFS）
o,2021/5/18,arc001c,深さ優先探索（DFS）